id;first_name;last_name;gender;email;phone;address_line_1;address_line_2;city;country;user_id
1;Alfredo;Gleason;OTHER;GpsH!@OxTywVRfTo.n*\y[,gQ-a&v^EV]gR{YNF33coUu0$)6w{w."J./^kc!~c"LV#SY>9ja4e4q-~;~9~zSAR6,7}[Tix9M64kE9b.%PKXP'WfYNS;(154) 495-2560 x7322;cross-platform Point Orchestrator;Solomon Islands Licensed;Corwinborough;Lithuania;1
2;Maurice;Bauch;MALE;(tzv^ge<NvI6j^i:`7(O&6qA+&/yDI;X+2bsU0K].*HP&6j:+=i,,K$}uvE|?=oDe@6z.gW^S2%I;(196) 335-9816;bandwidth azure;SMS Enhanced;Chanelfort;Wallis and Futuna;2
3;Jose;Lehner;FEMALE;c}XH~ti4K[Z><)y*Z+p#9S#OPmL`,C2E$&)j40y2@6!:Y/D1?o0PGv&'t)=\hdzkjZDxW]k!RE5yxKaX3)quS|8~&&KiG:!zZ?CPq'rqXM4Q%<`55!(L;R%I_!FGK/y#&'9&".ph-;w:<Hh/av-KN&#9R1x_ieYKkl{,K?'qJyf>*}TJwga\;buq]UkIp.pT'R!cV%EUeIDgLNKH;Jw6DVl5EPf|-7ra]bF{.;(613) 237-7888 x84786;Unbranded Cheese Dynamic;Alabama transform;Ondrickashire;Albania;1
4;Carolina;Gutmann;OTHER;lix7F-D(n:4HIK{\.uM[Z$z?/nw?9*'&3v9GPZJcsS0%>B%}<nGix0!^[8L;{*l:77:@yJiG`3c..Z?XHTkq;`]a?mRD2<vX,7p9?`SA2-*7HADt*aV+;(317) 367-8763 x550;turn-key dedicated;Wisconsin;Huelport;Togo;2
5;London;Kemmer;FEMALE;uO'huNcA7:fOy)R=!fBZS@b7D&,.35UpD<t5DPU#qO>%"5,Ag&g#$Nl6%Xg:.fl0*JfPb;BJgxb<p8N/ES/ou3!n-S55CIK'yvph"VtfHD-Cxt,/2bNPz'P'[B|Y8?24;076.019.9492 x983;Automotive Tactics architectures;Wisconsin Facilitator Incredible;West Claud;Svalbard & Jan Mayen Islands;1
6;Emile;Kuhic;OTHER;nt`,f2?YU.w!<a[~Ji^]0\_GEjpv2QAitroba'g.=mH>B6PU<AP[^"or3j>q\$YsSsf+4~vC#)>Xs6J/g~+4Se0$i=%g#N]M<b]C@p{5Cr~yH.rZODYkts:W1W0(Ot]x(grD.q4f[~lzpq_}i-2;(026) 693-1252;portal calculating Metal;real-time discrete redundant;Gaylordhaven;Namibia;2
7;Arnaldo;Langosh;OTHER;Y<}dW{FwLb#?pvaK!b?L0SL926yzZEMh^6<<9Ut`2P@CUq)X|7UI?PSSbZj'L_'18JJffn.1BqXa[N26XU0idH~A3G(_8'bjPz$%\R>N)cU!%J84$TzsU.V;708.830.3504;Argentine Peso implementation;Wallis and Futuna;Lake Lance;Sweden;1
8;Demarco;Bashirian;MALE;\.G?-yJ4"6s;SwK8i4rM;BjXoD|S9c3ydFv6An\lRZ3+rD\,jRJ:/`<hu]i:|RJ1q*6/Kpt1/X08M|8S)1!FoJvyF@*2p8o21WaK&BZy+DO<l,+gTXs>]^f|"CG1Y'^C;d%r,#~F$sd,eik|rcX'.LjB`}J~'Q57]p"Jhmirw;722-964-0801 x54566;panel;Analyst card Licensed Cotton Ball;South Natalie;Belarus;1
9;Alda;Denesik;FEMALE;GOA$J;fUbNM5)3dGGvxfndd<(,g$a'uR(DZ*;QJ:+*bpFrRO&MO?bkEq{!/U`{]^:NWA|la3@ai|&8UThuk6za/!h3yP#l%CA]X9>Qs(.2{u>AL)FYpS?n{U0n2!`XkB^a3^]7mKa!<G&JwtAV;(250) 716-9269;alarm Jamaica;system Gorgeous Rubber Pants;Lake Blanchetown;Grenada;1
10;Audreanne;Bayer;OTHER;Jyx8+QE~}5r<0p,2b+XLTp???N'Y:`i57?G*s.VMur*gg6T+o0"6xt]1m"k!cS+'M-LUGL#3T@>cW#=-8RRpOk|&_[+,s1={c6TdyaW'Q3qy>\ACia/|_+"!jPbP)E?zk{8q2pm&;~+j}0`.X8bIFR`e$[pKA|F+Y_3kW;Ud;484.314.4630 x6968;explicit;Personal Loan Account;Jevonhaven;Maldives;2
